sep=|
fileNameNoParentPath|fileOnPdf|RevNo|pdfPage
17-0601-FL-7466-01_pg1.pdf|(not found)|OF|1
17-0601-FL-7466-02_pg1.pdf|(not found)|OF|1
17-0601-FL-7466-03_pg1.pdf|(not found)|OF|1
17-0601-FL-7466-04_pg1.pdf|(not found)|OF|1
17-0601-FL-7482-02_pg1.pdf|(not found)|OF|1
17-0601-FL-7482-03_pg1.pdf|(not found)|OF|1
17-0601-FL-7482-04_pg1.pdf|(not found)|OF|1
17-0601-FL-7482-05_pg1.pdf|(not found)|OF|1
17-0601-FL-7482-06_pg1.pdf|(not found)|OF|1
17-0601-HC-7453-01_pg1.pdf|(not found)|OF|1
17-0601-HC-7455-01_pg1.pdf|(not found)|(not found)|1
17-0601-HC-7456-01_pg1.pdf|(not found)|OF|1
17-0601-HC-7456-02_pg1.pdf|(not found)|OF|1
17-0601-HC-7457-01_pg1.pdf|(not found)|(not found)|1
17-0601-HC-7458-01_pg1.pdf|(not found)|OF|1
17-0601-HC-7458-02_pg1.pdf|(not found)|OF|1
17-0601-HC-7459-01_pg1.pdf|(not found)|OF|1
17-0601-HC-7459-02_pg1.pdf|(not found)|OF|1
17-0601-HC-7460-01_pg1.pdf|(not found)|OF|1
17-0601-HC-7461-01_pg1.pdf|(not found)|OF|1
17-0601-HC-7462-01_pg1.pdf|(not found)|OF|1
17-0601-HC-7463-01_pg1.pdf|(not found)|OF|1
17-0601-HC-7463-02_pg1.pdf|(not found)|OF|1
17-0601-HC-7463-03_pg1.pdf|(not found)|OF|1
17-0601-HC-7463-04_pg1.pdf|(not found)|OF|1
17-0601-HC-7464-01_pg1.pdf|(not found)|OF|1
